{"learningRate":0.1,"weights":[{"numRows":2,"numCols":2,"data":[[1.9682711389579,0.32416293605602703],[0.8967137227574236,0.8462073488937193]]},{"numRows":1,"numCols":2,"data":[[-0.07342990321792287],[0.17381723918361025]]}],"biases":[{"numRows":2,"numCols":1,"data":[[1.9359524767753375,-0.12928934237761883]]},{"numRows":1,"numCols":1,"data":[[0.11477189973957858]]}],"numInputs":2,"numHiddenLayers":1,"numNodesPerHiddenLayer":2,"numOutputs":1,"matricesLength":2}
ReLU
ReLU
Difference